{
"response":

		{
			"applicationName":"eDistrict",
			"id":"ifg647768dssgjda6767d76s76d8sqesfddfs",
			"numberOfRecords":"3",
			"api":
				{
				"version":"2",
				"versionName":"'production'",
				"releaseDate":"'2/10/2017'" 
				},
			"platform":
				{
				"version":"9",
				"versionName":"'production'",
				"releaseDate":"'13/10/2017'",
				"notes":"''",
				"forceUpdate":"yes/no" 
				},
			"operation":
				{
				"status":"success/fail/error",
				"error":
					{
					"code":"400",
					"messege":"Error Description" 
					}
				},
			"data":
			[ 
					{
					"column1":"value",
					"column2":"value",
					"column3":"value" 
					},
					 {
					"column1":"value",
					"column2":"value",
					"column3":"value" 
					}
			]
		}
}

